{"cameraMode":{"drawMode":0,"name":"Shaded","section":"Shading Mode"},"sceneLighting":false,"audioPlay":false,"sceneViewState":{"m_AlwaysRefresh":false,"showFog":true,"showSkybox":false,"showFlares":true,"showImageEffects":true,"showParticleSystems":true,"showVisualEffectGraphs":true,"m_FxEnabled":true},"in2DMode":false,"pivot":{"x":0.11442357301712036,"y":-2.5527520179748537,"z":0.9520978927612305},"rotation":{"x":-0.3414338529109955,"y":-0.03860415518283844,"z":0.013812471181154251,"w":-0.9390673637390137},"size":6.5447587966918949,"orthographic":false}