{"cameraMode":{"drawMode":0,"name":"Shaded","section":"Shading Mode"},"sceneLighting":false,"audioPlay":false,"sceneViewState":{"m_AlwaysRefresh":false,"showFog":true,"showSkybox":false,"showFlares":true,"showImageEffects":true,"showParticleSystems":true,"showVisualEffectGraphs":true,"m_FxEnabled":true},"in2DMode":false,"pivot":{"x":-2.1335368156433107,"y":-18.148252487182618,"z":74.95702362060547},"rotation":{"x":0.11326208710670471,"y":-0.017671840265393258,"z":0.0022753344383090736,"w":0.9934687614440918},"size":9.387714385986329,"orthographic":false}