{"cameraMode":{"drawMode":0,"name":"Shaded","section":"Shading Mode"},"sceneLighting":false,"audioPlay":false,"sceneViewState":{"m_AlwaysRefresh":false,"showFog":true,"showSkybox":false,"showFlares":true,"showImageEffects":true,"showParticleSystems":true,"showVisualEffectGraphs":true,"m_FxEnabled":true},"in2DMode":false,"pivot":{"x":-0.17305463552474976,"y":4.822597980499268,"z":-0.02983534336090088},"rotation":{"x":-0.16178366541862489,"y":0.05059561878442764,"z":-0.008453438058495522,"w":-0.9854984879493713},"size":0.8660255670547485,"orthographic":false}